time,year,fish,port,landings
UTC,,,,pounds
1928-01-16T00:00:00Z,1928,"Anchovy, Northern",All,1190
1928-02-16T00:00:00Z,1928,"Anchovy, Northern",All,155
1928-03-16T00:00:00Z,1928,"Anchovy, Northern",All,0
1928-04-16T00:00:00Z,1928,"Anchovy, Northern",All,23137
1928-05-16T00:00:00Z,1928,"Anchovy, Northern",All,187335
1928-06-16T00:00:00Z,1928,"Anchovy, Northern",All,48804
1928-07-16T00:00:00Z,1928,"Anchovy, Northern",All,12031
1928-08-16T00:00:00Z,1928,"Anchovy, Northern",All,43543
1928-09-16T00:00:00Z,1928,"Anchovy, Northern",All,30680
1928-10-16T00:00:00Z,1928,"Anchovy, Northern",All,9905
1928-11-16T00:00:00Z,1928,"Anchovy, Northern",All,345
1928-12-16T00:00:00Z,1928,"Anchovy, Northern",All,345
1929-01-16T00:00:00Z,1929,"Anchovy, Northern",All,3455
1929-02-16T00:00:00Z,1929,"Anchovy, Northern",All,1532
1929-03-16T00:00:00Z,1929,"Anchovy, Northern",All,16910
1929-04-16T00:00:00Z,1929,"Anchovy, Northern",All,61923
1929-05-16T00:00:00Z,1929,"Anchovy, Northern",All,40320
1929-06-16T00:00:00Z,1929,"Anchovy, Northern",All,57395
1929-07-16T00:00:00Z,1929,"Anchovy, Northern",All,62486
1929-08-16T00:00:00Z,1929,"Anchovy, Northern",All,64940
1929-09-16T00:00:00Z,1929,"Anchovy, Northern",All,39700
1929-10-16T00:00:00Z,1929,"Anchovy, Northern",All,16704
1929-11-16T00:00:00Z,1929,"Anchovy, Northern",All,15640
1929-12-16T00:00:00Z,1929,"Anchovy, Northern",All,1440
1930-01-16T00:00:00Z,1930,"Anchovy, Northern",All,35
1930-02-16T00:00:00Z,1930,"Anchovy, Northern",All,195
1930-03-16T00:00:00Z,1930,"Anchovy, Northern",All,637
1930-04-16T00:00:00Z,1930,"Anchovy, Northern",All,15070
1930-05-16T00:00:00Z,1930,"Anchovy, Northern",All,60640
1930-06-16T00:00:00Z,1930,"Anchovy, Northern",All,51030
1930-07-16T00:00:00Z,1930,"Anchovy, Northern",All,69093
1930-08-16T00:00:00Z,1930,"Anchovy, Northern",All,64095
1930-09-16T00:00:00Z,1930,"Anchovy, Northern",All,36880
1930-10-16T00:00:00Z,1930,"Anchovy, Northern",All,13040
1930-11-16T00:00:00Z,1930,"Anchovy, Northern",All,8786
1930-12-16T00:00:00Z,1930,"Anchovy, Northern",All,60
1931-01-16T00:00:00Z,1931,"Anchovy, Northern",All,139
1931-02-16T00:00:00Z,1931,"Anchovy, Northern",All,3269
1931-03-16T00:00:00Z,1931,"Anchovy, Northern",All,26107
1931-04-16T00:00:00Z,1931,"Anchovy, Northern",All,19330
1931-05-16T00:00:00Z,1931,"Anchovy, Northern",All,41657
1931-06-16T00:00:00Z,1931,"Anchovy, Northern",All,39603
1931-07-16T00:00:00Z,1931,"Anchovy, Northern",All,68032
1931-08-16T00:00:00Z,1931,"Anchovy, Northern",All,38944
1931-09-16T00:00:00Z,1931,"Anchovy, Northern",All,11560
1931-10-16T00:00:00Z,1931,"Anchovy, Northern",All,36720
1931-11-16T00:00:00Z,1931,"Anchovy, Northern",All,18953
1931-12-16T00:00:00Z,1931,"Anchovy, Northern",All,3180
1932-01-16T00:00:00Z,1932,"Anchovy, Northern",All,1267
1932-02-16T00:00:00Z,1932,"Anchovy, Northern",All,8997
1932-03-16T00:00:00Z,1932,"Anchovy, Northern",All,31707
1932-04-16T00:00:00Z,1932,"Anchovy, Northern",All,41609
1932-05-16T00:00:00Z,1932,"Anchovy, Northern",All,53205
1932-06-16T00:00:00Z,1932,"Anchovy, Northern",All,55576
1932-07-16T00:00:00Z,1932,"Anchovy, Northern",All,39337
1932-08-16T00:00:00Z,1932,"Anchovy, Northern",All,21579
1932-09-16T00:00:00Z,1932,"Anchovy, Northern",All,24230
1932-10-16T00:00:00Z,1932,"Anchovy, Northern",All,17060
1932-11-16T00:00:00Z,1932,"Anchovy, Northern",All,900
1932-12-16T00:00:00Z,1932,"Anchovy, Northern",All,3750
1933-01-16T00:00:00Z,1933,"Anchovy, Northern",All,285
1933-02-16T00:00:00Z,1933,"Anchovy, Northern",All,4675
1933-03-16T00:00:00Z,1933,"Anchovy, Northern",All,5773
1933-04-16T00:00:00Z,1933,"Anchovy, Northern",All,34546
1933-05-16T00:00:00Z,1933,"Anchovy, Northern",All,51954
1933-06-16T00:00:00Z,1933,"Anchovy, Northern",All,57843
1933-07-16T00:00:00Z,1933,"Anchovy, Northern",All,50116
1933-08-16T00:00:00Z,1933,"Anchovy, Northern",All,51200
1933-09-16T00:00:00Z,1933,"Anchovy, Northern",All,29703
1933-10-16T00:00:00Z,1933,"Anchovy, Northern",All,9523
1933-11-16T00:00:00Z,1933,"Anchovy, Northern",All,14365
1933-12-16T00:00:00Z,1933,"Anchovy, Northern",All,7309
1934-01-16T00:00:00Z,1934,"Anchovy, Northern",All,9516
1934-02-16T00:00:00Z,1934,"Anchovy, Northern",All,10806
1934-03-16T00:00:00Z,1934,"Anchovy, Northern",All,14321
1934-04-16T00:00:00Z,1934,"Anchovy, Northern",All,52325
1934-05-16T00:00:00Z,1934,"Anchovy, Northern",All,56801
1934-06-16T00:00:00Z,1934,"Anchovy, Northern",All,49960
1934-07-16T00:00:00Z,1934,"Anchovy, Northern",All,29397
1934-08-16T00:00:00Z,1934,"Anchovy, Northern",All,17877
1934-09-16T00:00:00Z,1934,"Anchovy, Northern",All,11832
1934-10-16T00:00:00Z,1934,"Anchovy, Northern",All,1695
1934-11-16T00:00:00Z,1934,"Anchovy, Northern",All,2525
1934-12-16T00:00:00Z,1934,"Anchovy, Northern",All,450
1935-01-16T00:00:00Z,1935,"Anchovy, Northern",All,180
1935-02-16T00:00:00Z,1935,"Anchovy, Northern",All,0
1935-03-16T00:00:00Z,1935,"Anchovy, Northern",All,5128
1935-04-16T00:00:00Z,1935,"Anchovy, Northern",All,22105
1935-05-16T00:00:00Z,1935,"Anchovy, Northern",All,12535
1935-06-16T00:00:00Z,1935,"Anchovy, Northern",All,10917
1935-07-16T00:00:00Z,1935,"Anchovy, Northern",All,47855
1935-08-16T00:00:00Z,1935,"Anchovy, Northern",All,46440
1935-09-16T00:00:00Z,1935,"Anchovy, Northern",All,25910
1935-10-16T00:00:00Z,1935,"Anchovy, Northern",All,5795
1935-11-16T00:00:00Z,1935,"Anchovy, Northern",All,655
1935-12-16T00:00:00Z,1935,"Anchovy, Northern",All,1450
1936-01-16T00:00:00Z,1936,"Anchovy, Northern",All,7
1936-02-16T00:00:00Z,1936,"Anchovy, Northern",All,95
1936-03-16T00:00:00Z,1936,"Anchovy, Northern",All,3860
1936-04-16T00:00:00Z,1936,"Anchovy, Northern",All,25743
1936-05-16T00:00:00Z,1936,"Anchovy, Northern",All,20100
1936-06-16T00:00:00Z,1936,"Anchovy, Northern",All,25876
1936-07-16T00:00:00Z,1936,"Anchovy, Northern",All,58422
1936-08-16T00:00:00Z,1936,"Anchovy, Northern",All,35289
1936-09-16T00:00:00Z,1936,"Anchovy, Northern",All,23410
1936-10-16T00:00:00Z,1936,"Anchovy, Northern",All,2095
1936-11-16T00:00:00Z,1936,"Anchovy, Northern",All,15
1936-12-16T00:00:00Z,1936,"Anchovy, Northern",All,210
1937-01-16T00:00:00Z,1937,"Anchovy, Northern",All,6668
1937-02-16T00:00:00Z,1937,"Anchovy, Northern",All,90
1937-03-16T00:00:00Z,1937,"Anchovy, Northern",All,14460
1937-04-16T00:00:00Z,1937,"Anchovy, Northern",All,20795
1937-05-16T00:00:00Z,1937,"Anchovy, Northern",All,53929
1937-06-16T00:00:00Z,1937,"Anchovy, Northern",All,23323
1937-07-16T00:00:00Z,1937,"Anchovy, Northern",All,11845
1937-08-16T00:00:00Z,1937,"Anchovy, Northern",All,5944
1937-09-16T00:00:00Z,1937,"Anchovy, Northern",All,12540
1937-10-16T00:00:00Z,1937,"Anchovy, Northern",All,2145
1937-11-16T00:00:00Z,1937,"Anchovy, Northern",All,20945
1937-12-16T00:00:00Z,1937,"Anchovy, Northern",All,53545
1938-01-16T00:00:00Z,1938,"Anchovy, Northern",All,50769
1938-02-16T00:00:00Z,1938,"Anchovy, Northern",All,2902
1938-03-16T00:00:00Z,1938,"Anchovy, Northern",All,4407
1938-04-16T00:00:00Z,1938,"Anchovy, Northern",All,41979
1938-05-16T00:00:00Z,1938,"Anchovy, Northern",All,135062
1938-06-16T00:00:00Z,1938,"Anchovy, Northern",All,77489
1938-07-16T00:00:00Z,1938,"Anchovy, Northern",All,3250
1938-08-16T00:00:00Z,1938,"Anchovy, Northern",All,18755
1938-09-16T00:00:00Z,1938,"Anchovy, Northern",All,35038
1938-10-16T00:00:00Z,1938,"Anchovy, Northern",All,118500
1938-11-16T00:00:00Z,1938,"Anchovy, Northern",All,49750
1938-12-16T00:00:00Z,1938,"Anchovy, Northern",All,197243
1939-01-16T00:00:00Z,1939,"Anchovy, Northern",All,17562
1939-02-16T00:00:00Z,1939,"Anchovy, Northern",All,6385
1939-03-16T00:00:00Z,1939,"Anchovy, Northern",All,99014
1939-04-16T00:00:00Z,1939,"Anchovy, Northern",All,68297
1939-05-16T00:00:00Z,1939,"Anchovy, Northern",All,34532
1939-06-16T00:00:00Z,1939,"Anchovy, Northern",All,15685
1939-07-16T00:00:00Z,1939,"Anchovy, Northern",All,11265
1939-08-16T00:00:00Z,1939,"Anchovy, Northern",All,12936
1939-09-16T00:00:00Z,1939,"Anchovy, Northern",All,167283
1939-10-16T00:00:00Z,1939,"Anchovy, Northern",All,829704
1939-11-16T00:00:00Z,1939,"Anchovy, Northern",All,385754
1939-12-16T00:00:00Z,1939,"Anchovy, Northern",All,499484
1940-01-16T00:00:00Z,1940,"Anchovy, Northern",All,532804
1940-02-16T00:00:00Z,1940,"Anchovy, Northern",All,346227
1940-03-16T00:00:00Z,1940,"Anchovy, Northern",All,119668
1940-04-16T00:00:00Z,1940,"Anchovy, Northern",All,9169
1940-05-16T00:00:00Z,1940,"Anchovy, Northern",All,24918
1940-06-16T00:00:00Z,1940,"Anchovy, Northern",All,5095
1940-07-16T00:00:00Z,1940,"Anchovy, Northern",All,157072
1940-08-16T00:00:00Z,1940,"Anchovy, Northern",All,693989
1940-09-16T00:00:00Z,1940,"Anchovy, Northern",All,680206
1940-10-16T00:00:00Z,1940,"Anchovy, Northern",All,1489337
1940-11-16T00:00:00Z,1940,"Anchovy, Northern",All,1614036
1940-12-16T00:00:00Z,1940,"Anchovy, Northern",All,645276
1941-01-16T00:00:00Z,1941,"Anchovy, Northern",All,121295
1941-02-16T00:00:00Z,1941,"Anchovy, Northern",All,54945
1941-03-16T00:00:00Z,1941,"Anchovy, Northern",All,81147
1941-04-16T00:00:00Z,1941,"Anchovy, Northern",All,16290
1941-05-16T00:00:00Z,1941,"Anchovy, Northern",All,40260
1941-06-16T00:00:00Z,1941,"Anchovy, Northern",All,37550
1941-07-16T00:00:00Z,1941,"Anchovy, Northern",All,71403
1941-08-16T00:00:00Z,1941,"Anchovy, Northern",All,311239
1941-09-16T00:00:00Z,1941,"Anchovy, Northern",All,914093
1941-10-16T00:00:00Z,1941,"Anchovy, Northern",All,1251564
1941-11-16T00:00:00Z,1941,"Anchovy, Northern",All,1065125
1941-12-16T00:00:00Z,1941,"Anchovy, Northern",All,140471
1942-01-16T00:00:00Z,1942,"Anchovy, Northern",All,37360
1942-02-16T00:00:00Z,1942,"Anchovy, Northern",All,13445
1942-03-16T00:00:00Z,1942,"Anchovy, Northern",All,7769
1942-04-16T00:00:00Z,1942,"Anchovy, Northern",All,25553
1942-05-16T00:00:00Z,1942,"Anchovy, Northern",All,83147
1942-06-16T00:00:00Z,1942,"Anchovy, Northern",All,134568
1942-07-16T00:00:00Z,1942,"Anchovy, Northern",All,29162
1942-08-16T00:00:00Z,1942,"Anchovy, Northern",All,68376
1942-09-16T00:00:00Z,1942,"Anchovy, Northern",All,439912
1942-10-16T00:00:00Z,1942,"Anchovy, Northern",All,238663
1942-11-16T00:00:00Z,1942,"Anchovy, Northern",All,383691
1942-12-16T00:00:00Z,1942,"Anchovy, Northern",All,232644
1943-01-16T00:00:00Z,1943,"Anchovy, Northern",All,103440
1943-02-16T00:00:00Z,1943,"Anchovy, Northern",All,12105
1943-03-16T00:00:00Z,1943,"Anchovy, Northern",All,32158
1943-04-16T00:00:00Z,1943,"Anchovy, Northern",All,94835
1943-05-16T00:00:00Z,1943,"Anchovy, Northern",All,156457
1943-06-16T00:00:00Z,1943,"Anchovy, Northern",All,197335
1943-07-16T00:00:00Z,1943,"Anchovy, Northern",All,105610
1943-08-16T00:00:00Z,1943,"Anchovy, Northern",All,65308
1943-09-16T00:00:00Z,1943,"Anchovy, Northern",All,306806
1943-10-16T00:00:00Z,1943,"Anchovy, Northern",All,382268
1943-11-16T00:00:00Z,1943,"Anchovy, Northern",All,111322
1943-12-16T00:00:00Z,1943,"Anchovy, Northern",All,3159
1944-01-16T00:00:00Z,1944,"Anchovy, Northern",All,89000
1944-02-16T00:00:00Z,1944,"Anchovy, Northern",All,1456
1944-03-16T00:00:00Z,1944,"Anchovy, Northern",All,9710
1944-04-16T00:00:00Z,1944,"Anchovy, Northern",All,27070
1944-05-16T00:00:00Z,1944,"Anchovy, Northern",All,75410
1944-06-16T00:00:00Z,1944,"Anchovy, Northern",All,70326
1944-07-16T00:00:00Z,1944,"Anchovy, Northern",All,48595
1944-08-16T00:00:00Z,1944,"Anchovy, Northern",All,398820
1944-09-16T00:00:00Z,1944,"Anchovy, Northern",All,1889075
1944-10-16T00:00:00Z,1944,"Anchovy, Northern",All,1050158
1944-11-16T00:00:00Z,1944,"Anchovy, Northern",All,58933
1944-12-16T00:00:00Z,1944,"Anchovy, Northern",All,172476
1945-01-16T00:00:00Z,1945,"Anchovy, Northern",All,205195
1945-02-16T00:00:00Z,1945,"Anchovy, Northern",All,13869
1945-03-16T00:00:00Z,1945,"Anchovy, Northern",All,4909
1945-04-16T00:00:00Z,1945,"Anchovy, Northern",All,9440
1945-05-16T00:00:00Z,1945,"Anchovy, Northern",All,53616
1945-06-16T00:00:00Z,1945,"Anchovy, Northern",All,121295
1945-07-16T00:00:00Z,1945,"Anchovy, Northern",All,133951
1945-08-16T00:00:00Z,1945,"Anchovy, Northern",All,207054
1945-09-16T00:00:00Z,1945,"Anchovy, Northern",All,190988
1945-10-16T00:00:00Z,1945,"Anchovy, Northern",All,114950
1945-11-16T00:00:00Z,1945,"Anchovy, Northern",All,408405
1945-12-16T00:00:00Z,1945,"Anchovy, Northern",All,153208
1946-01-16T00:00:00Z,1946,"Anchovy, Northern",All,111252
1946-02-16T00:00:00Z,1946,"Anchovy, Northern",All,33915
1946-03-16T00:00:00Z,1946,"Anchovy, Northern",All,10876
1946-04-16T00:00:00Z,1946,"Anchovy, Northern",All,66452
1946-05-16T00:00:00Z,1946,"Anchovy, Northern",All,127450
1946-06-16T00:00:00Z,1946,"Anchovy, Northern",All,55442
1946-07-16T00:00:00Z,1946,"Anchovy, Northern",All,104494
1946-08-16T00:00:00Z,1946,"Anchovy, Northern",All,106411
1946-09-16T00:00:00Z,1946,"Anchovy, Northern",All,320485
1946-10-16T00:00:00Z,1946,"Anchovy, Northern",All,305490
1946-11-16T00:00:00Z,1946,"Anchovy, Northern",All,257350
1946-12-16T00:00:00Z,1946,"Anchovy, Northern",All,422010
1947-01-16T00:00:00Z,1947,"Anchovy, Northern",All,160179
1947-02-16T00:00:00Z,1947,"Anchovy, Northern",All,281527
1947-03-16T00:00:00Z,1947,"Anchovy, Northern",All,126273
1947-04-16T00:00:00Z,1947,"Anchovy, Northern",All,1555501
1947-05-16T00:00:00Z,1947,"Anchovy, Northern",All,2933147
1947-06-16T00:00:00Z,1947,"Anchovy, Northern",All,742050
1947-07-16T00:00:00Z,1947,"Anchovy, Northern",All,62787
1947-08-16T00:00:00Z,1947,"Anchovy, Northern",All,2849590
1947-09-16T00:00:00Z,1947,"Anchovy, Northern",All,6415044
1947-10-16T00:00:00Z,1947,"Anchovy, Northern",All,751717
1947-11-16T00:00:00Z,1947,"Anchovy, Northern",All,300926
1947-12-16T00:00:00Z,1947,"Anchovy, Northern",All,2761780
1948-01-16T00:00:00Z,1948,"Anchovy, Northern",All,497821
1948-02-16T00:00:00Z,1948,"Anchovy, Northern",All,3203192
1948-03-16T00:00:00Z,1948,"Anchovy, Northern",All,2364906
1948-04-16T00:00:00Z,1948,"Anchovy, Northern",All,525669
1948-05-16T00:00:00Z,1948,"Anchovy, Northern",All,360272
1948-06-16T00:00:00Z,1948,"Anchovy, Northern",All,169230
1948-07-16T00:00:00Z,1948,"Anchovy, Northern",All,493503
1948-08-16T00:00:00Z,1948,"Anchovy, Northern",All,789528
1948-09-16T00:00:00Z,1948,"Anchovy, Northern",All,1179613
1948-10-16T00:00:00Z,1948,"Anchovy, Northern",All,712262
1948-11-16T00:00:00Z,1948,"Anchovy, Northern",All,160133
1948-12-16T00:00:00Z,1948,"Anchovy, Northern",All,379801
1949-01-16T00:00:00Z,1949,"Anchovy, Northern",All,42280
1949-02-16T00:00:00Z,1949,"Anchovy, Northern",All,44369
1949-03-16T00:00:00Z,1949,"Anchovy, Northern",All,134496
1949-04-16T00:00:00Z,1949,"Anchovy, Northern",All,344665
1949-05-16T00:00:00Z,1949,"Anchovy, Northern",All,208427
1949-06-16T00:00:00Z,1949,"Anchovy, Northern",All,363244
1949-07-16T00:00:00Z,1949,"Anchovy, Northern",All,370885
1949-08-16T00:00:00Z,1949,"Anchovy, Northern",All,191208
1949-09-16T00:00:00Z,1949,"Anchovy, Northern",All,229285
1949-10-16T00:00:00Z,1949,"Anchovy, Northern",All,29525
1949-11-16T00:00:00Z,1949,"Anchovy, Northern",All,1140427
1949-12-16T00:00:00Z,1949,"Anchovy, Northern",All,223462
1950-01-16T00:00:00Z,1950,"Anchovy, Northern",All,71046
1950-02-16T00:00:00Z,1950,"Anchovy, Northern",All,63433
1950-03-16T00:00:00Z,1950,"Anchovy, Northern",All,154402
1950-04-16T00:00:00Z,1950,"Anchovy, Northern",All,162185
1950-05-16T00:00:00Z,1950,"Anchovy, Northern",All,303222
1950-06-16T00:00:00Z,1950,"Anchovy, Northern",All,209372
1950-07-16T00:00:00Z,1950,"Anchovy, Northern",All,220617
1950-08-16T00:00:00Z,1950,"Anchovy, Northern",All,332671
1950-09-16T00:00:00Z,1950,"Anchovy, Northern",All,2111439
1950-10-16T00:00:00Z,1950,"Anchovy, Northern",All,963986
1950-11-16T00:00:00Z,1950,"Anchovy, Northern",All,178049
1950-12-16T00:00:00Z,1950,"Anchovy, Northern",All,108265
1951-01-16T00:00:00Z,1951,"Anchovy, Northern",All,34915
1951-02-16T00:00:00Z,1951,"Anchovy, Northern",All,518655
1951-03-16T00:00:00Z,1951,"Anchovy, Northern",All,195904
1951-04-16T00:00:00Z,1951,"Anchovy, Northern",All,335987
1951-05-16T00:00:00Z,1951,"Anchovy, Northern",All,266943
1951-06-16T00:00:00Z,1951,"Anchovy, Northern",All,271833
1951-07-16T00:00:00Z,1951,"Anchovy, Northern",All,609470
1951-08-16T00:00:00Z,1951,"Anchovy, Northern",All,304223
1951-09-16T00:00:00Z,1951,"Anchovy, Northern",All,2624450
1951-10-16T00:00:00Z,1951,"Anchovy, Northern",All,681463
1951-11-16T00:00:00Z,1951,"Anchovy, Northern",All,1005164
1951-12-16T00:00:00Z,1951,"Anchovy, Northern",All,105845
1952-01-16T00:00:00Z,1952,"Anchovy, Northern",All,19266
1952-02-16T00:00:00Z,1952,"Anchovy, Northern",All,88753
1952-03-16T00:00:00Z,1952,"Anchovy, Northern",All,1888
1952-04-16T00:00:00Z,1952,"Anchovy, Northern",All,626191
1952-05-16T00:00:00Z,1952,"Anchovy, Northern",All,1327326
1952-06-16T00:00:00Z,1952,"Anchovy, Northern",All,3619538
1952-07-16T00:00:00Z,1952,"Anchovy, Northern",All,6268254
1952-08-16T00:00:00Z,1952,"Anchovy, Northern",All,6018493
1952-09-16T00:00:00Z,1952,"Anchovy, Northern",All,2528819
1952-10-16T00:00:00Z,1952,"Anchovy, Northern",All,19557671
1952-11-16T00:00:00Z,1952,"Anchovy, Northern",All,11705680
1952-12-16T00:00:00Z,1952,"Anchovy, Northern",All,4020991
1953-01-16T00:00:00Z,1953,"Anchovy, Northern",All,6227531
1953-02-16T00:00:00Z,1953,"Anchovy, Northern",All,9817307
1953-03-16T00:00:00Z,1953,"Anchovy, Northern",All,4970326
1953-04-16T00:00:00Z,1953,"Anchovy, Northern",All,7423784
1953-05-16T00:00:00Z,1953,"Anchovy, Northern",All,15511057
1953-06-16T00:00:00Z,1953,"Anchovy, Northern",All,15762791
1953-07-16T00:00:00Z,1953,"Anchovy, Northern",All,3998003
1953-08-16T00:00:00Z,1953,"Anchovy, Northern",All,3636721
1953-09-16T00:00:00Z,1953,"Anchovy, Northern",All,6410129
1953-10-16T00:00:00Z,1953,"Anchovy, Northern",All,3586019
1953-11-16T00:00:00Z,1953,"Anchovy, Northern",All,5236503
1953-12-16T00:00:00Z,1953,"Anchovy, Northern",All,3255307
1954-01-16T00:00:00Z,1954,"Anchovy, Northern",All,3620039
1954-02-16T00:00:00Z,1954,"Anchovy, Northern",All,5062418
1954-03-16T00:00:00Z,1954,"Anchovy, Northern",All,1618809
1954-04-16T00:00:00Z,1954,"Anchovy, Northern",All,4127321
1954-05-16T00:00:00Z,1954,"Anchovy, Northern",All,4088563
1954-06-16T00:00:00Z,1954,"Anchovy, Northern",All,1658040
1954-07-16T00:00:00Z,1954,"Anchovy, Northern",All,3505046
1954-08-16T00:00:00Z,1954,"Anchovy, Northern",All,5116532
1954-09-16T00:00:00Z,1954,"Anchovy, Northern",All,5988259
1954-10-16T00:00:00Z,1954,"Anchovy, Northern",All,2543858
1954-11-16T00:00:00Z,1954,"Anchovy, Northern",All,2172754
1954-12-16T00:00:00Z,1954,"Anchovy, Northern",All,2908575
1955-01-16T00:00:00Z,1955,"Anchovy, Northern",All,5340379
1955-02-16T00:00:00Z,1955,"Anchovy, Northern",All,4648070
1955-03-16T00:00:00Z,1955,"Anchovy, Northern",All,7021713
1955-04-16T00:00:00Z,1955,"Anchovy, Northern",All,5920498
1955-05-16T00:00:00Z,1955,"Anchovy, Northern",All,7640775
1955-06-16T00:00:00Z,1955,"Anchovy, Northern",All,2805430
1955-07-16T00:00:00Z,1955,"Anchovy, Northern",All,2958098
1955-08-16T00:00:00Z,1955,"Anchovy, Northern",All,3319361
1955-09-16T00:00:00Z,1955,"Anchovy, Northern",All,873880
1955-10-16T00:00:00Z,1955,"Anchovy, Northern",All,469477
1955-11-16T00:00:00Z,1955,"Anchovy, Northern",All,1934016
1955-12-16T00:00:00Z,1955,"Anchovy, Northern",All,1759885
1956-01-16T00:00:00Z,1956,"Anchovy, Northern",All,3461340
1956-02-16T00:00:00Z,1956,"Anchovy, Northern",All,5585200
1956-03-16T00:00:00Z,1956,"Anchovy, Northern",All,9288452
1956-04-16T00:00:00Z,1956,"Anchovy, Northern",All,9114893
1956-05-16T00:00:00Z,1956,"Anchovy, Northern",All,3337915
1956-06-16T00:00:00Z,1956,"Anchovy, Northern",All,2929954
1956-07-16T00:00:00Z,1956,"Anchovy, Northern",All,4089685
1956-08-16T00:00:00Z,1956,"Anchovy, Northern",All,5779630
1956-09-16T00:00:00Z,1956,"Anchovy, Northern",All,2453225
1956-10-16T00:00:00Z,1956,"Anchovy, Northern",All,2542085
1956-11-16T00:00:00Z,1956,"Anchovy, Northern",All,4763206
1956-12-16T00:00:00Z,1956,"Anchovy, Northern",All,3575000
1957-01-16T00:00:00Z,1957,"Anchovy, Northern",All,5825365
1957-02-16T00:00:00Z,1957,"Anchovy, Northern",All,6122318
1957-03-16T00:00:00Z,1957,"Anchovy, Northern",All,4630145
1957-04-16T00:00:00Z,1957,"Anchovy, Northern",All,5116990
1957-05-16T00:00:00Z,1957,"Anchovy, Northern",All,5730738
1957-06-16T00:00:00Z,1957,"Anchovy, Northern",All,3684695
1957-07-16T00:00:00Z,1957,"Anchovy, Northern",All,4254161
1957-08-16T00:00:00Z,1957,"Anchovy, Northern",All,2598469
1957-09-16T00:00:00Z,1957,"Anchovy, Northern",All,476100
1957-10-16T00:00:00Z,1957,"Anchovy, Northern",All,1060055
1957-11-16T00:00:00Z,1957,"Anchovy, Northern",All,667180
1957-12-16T00:00:00Z,1957,"Anchovy, Northern",All,381310
1958-01-16T00:00:00Z,1958,"Anchovy, Northern",All,1862565
1958-02-16T00:00:00Z,1958,"Anchovy, Northern",All,811900
1958-03-16T00:00:00Z,1958,"Anchovy, Northern",All,368225
1958-04-16T00:00:00Z,1958,"Anchovy, Northern",All,308990
1958-05-16T00:00:00Z,1958,"Anchovy, Northern",All,558960
1958-06-16T00:00:00Z,1958,"Anchovy, Northern",All,1644725
1958-07-16T00:00:00Z,1958,"Anchovy, Northern",All,1506935
1958-08-16T00:00:00Z,1958,"Anchovy, Northern",All,695480
1958-09-16T00:00:00Z,1958,"Anchovy, Northern",All,622916
1958-10-16T00:00:00Z,1958,"Anchovy, Northern",All,1148239
1958-11-16T00:00:00Z,1958,"Anchovy, Northern",All,1054626
1958-12-16T00:00:00Z,1958,"Anchovy, Northern",All,1019163
1959-01-16T00:00:00Z,1959,"Anchovy, Northern",All,478855
1959-02-16T00:00:00Z,1959,"Anchovy, Northern",All,553105
1959-03-16T00:00:00Z,1959,"Anchovy, Northern",All,508320
1959-04-16T00:00:00Z,1959,"Anchovy, Northern",All,811263
1959-05-16T00:00:00Z,1959,"Anchovy, Northern",All,483168
1959-06-16T00:00:00Z,1959,"Anchovy, Northern",All,748561
1959-07-16T00:00:00Z,1959,"Anchovy, Northern",All,294420
1959-08-16T00:00:00Z,1959,"Anchovy, Northern",All,422621
1959-09-16T00:00:00Z,1959,"Anchovy, Northern",All,651989
1959-10-16T00:00:00Z,1959,"Anchovy, Northern",All,1121246
1959-11-16T00:00:00Z,1959,"Anchovy, Northern",All,645355
1959-12-16T00:00:00Z,1959,"Anchovy, Northern",All,454836
1960-01-16T00:00:00Z,1960,"Anchovy, Northern",All,653605
1960-02-16T00:00:00Z,1960,"Anchovy, Northern",All,854980
1960-03-16T00:00:00Z,1960,"Anchovy, Northern",All,580840
1960-04-16T00:00:00Z,1960,"Anchovy, Northern",All,380410
1960-05-16T00:00:00Z,1960,"Anchovy, Northern",All,255315
1960-06-16T00:00:00Z,1960,"Anchovy, Northern",All,103988
1960-07-16T00:00:00Z,1960,"Anchovy, Northern",All,554225
1960-08-16T00:00:00Z,1960,"Anchovy, Northern",All,338730
1960-09-16T00:00:00Z,1960,"Anchovy, Northern",All,608980
1960-10-16T00:00:00Z,1960,"Anchovy, Northern",All,315799
1960-11-16T00:00:00Z,1960,"Anchovy, Northern",All,137730
1960-12-16T00:00:00Z,1960,"Anchovy, Northern",All,274001
1961-01-16T00:00:00Z,1961,"Anchovy, Northern",All,436420
1961-02-16T00:00:00Z,1961,"Anchovy, Northern",All,804980
1961-03-16T00:00:00Z,1961,"Anchovy, Northern",All,690135
1961-04-16T00:00:00Z,1961,"Anchovy, Northern",All,56350
1961-05-16T00:00:00Z,1961,"Anchovy, Northern",All,497890
1961-06-16T00:00:00Z,1961,"Anchovy, Northern",All,300769
1961-07-16T00:00:00Z,1961,"Anchovy, Northern",All,560030
1961-08-16T00:00:00Z,1961,"Anchovy, Northern",All,1561102
1961-09-16T00:00:00Z,1961,"Anchovy, Northern",All,1163911
1961-10-16T00:00:00Z,1961,"Anchovy, Northern",All,624726
1961-11-16T00:00:00Z,1961,"Anchovy, Northern",All,720000
1961-12-16T00:00:00Z,1961,"Anchovy, Northern",All,295260
1962-01-16T00:00:00Z,1962,"Anchovy, Northern",All,367200
1962-02-16T00:00:00Z,1962,"Anchovy, Northern",All,103845
1962-03-16T00:00:00Z,1962,"Anchovy, Northern",All,186834
1962-04-16T00:00:00Z,1962,"Anchovy, Northern",All,157871
1962-05-16T00:00:00Z,1962,"Anchovy, Northern",All,163015
1962-06-16T00:00:00Z,1962,"Anchovy, Northern",All,433675
1962-07-16T00:00:00Z,1962,"Anchovy, Northern",All,247278
1962-08-16T00:00:00Z,1962,"Anchovy, Northern",All,145669
1962-09-16T00:00:00Z,1962,"Anchovy, Northern",All,305871
1962-10-16T00:00:00Z,1962,"Anchovy, Northern",All,438960
1962-11-16T00:00:00Z,1962,"Anchovy, Northern",All,125076
1962-12-16T00:00:00Z,1962,"Anchovy, Northern",All,88709
1963-01-16T00:00:00Z,1963,"Anchovy, Northern",All,967045
1963-02-16T00:00:00Z,1963,"Anchovy, Northern",All,594450
1963-03-16T00:00:00Z,1963,"Anchovy, Northern",All,95435
1963-04-16T00:00:00Z,1963,"Anchovy, Northern",All,91778
1963-05-16T00:00:00Z,1963,"Anchovy, Northern",All,450465
1963-06-16T00:00:00Z,1963,"Anchovy, Northern",All,190459
1963-07-16T00:00:00Z,1963,"Anchovy, Northern",All,208877
1963-08-16T00:00:00Z,1963,"Anchovy, Northern",All,138872
1963-09-16T00:00:00Z,1963,"Anchovy, Northern",All,130950
1963-10-16T00:00:00Z,1963,"Anchovy, Northern",All,803250
1963-11-16T00:00:00Z,1963,"Anchovy, Northern",All,289591
1963-12-16T00:00:00Z,1963,"Anchovy, Northern",All,609208
1964-01-16T00:00:00Z,1964,"Anchovy, Northern",All,349063
1964-02-16T00:00:00Z,1964,"Anchovy, Northern",All,57605
1964-03-16T00:00:00Z,1964,"Anchovy, Northern",All,320737
1964-04-16T00:00:00Z,1964,"Anchovy, Northern",All,219100
1964-05-16T00:00:00Z,1964,"Anchovy, Northern",All,501840
1964-06-16T00:00:00Z,1964,"Anchovy, Northern",All,327508
1964-07-16T00:00:00Z,1964,"Anchovy, Northern",All,439091
1964-08-16T00:00:00Z,1964,"Anchovy, Northern",All,612677
1964-09-16T00:00:00Z,1964,"Anchovy, Northern",All,605673
1964-10-16T00:00:00Z,1964,"Anchovy, Northern",All,885759
1964-11-16T00:00:00Z,1964,"Anchovy, Northern",All,512031
1964-12-16T00:00:00Z,1964,"Anchovy, Northern",All,144005
1965-01-16T00:00:00Z,1965,"Anchovy, Northern",All,152065
1965-02-16T00:00:00Z,1965,"Anchovy, Northern",All,204640
1965-03-16T00:00:00Z,1965,"Anchovy, Northern",All,362928
1965-04-16T00:00:00Z,1965,"Anchovy, Northern",All,110970
1965-05-16T00:00:00Z,1965,"Anchovy, Northern",All,347500
1965-06-16T00:00:00Z,1965,"Anchovy, Northern",All,747178
1965-07-16T00:00:00Z,1965,"Anchovy, Northern",All,646275
1965-08-16T00:00:00Z,1965,"Anchovy, Northern",All,879064
1965-09-16T00:00:00Z,1965,"Anchovy, Northern",All,367134
1965-10-16T00:00:00Z,1965,"Anchovy, Northern",All,1176145
1965-11-16T00:00:00Z,1965,"Anchovy, Northern",All,364265
1965-12-16T00:00:00Z,1965,"Anchovy, Northern",All,374860
1966-01-16T00:00:00Z,1966,"Anchovy, Northern",All,4588260
1966-02-16T00:00:00Z,1966,"Anchovy, Northern",All,4615125
1966-03-16T00:00:00Z,1966,"Anchovy, Northern",All,12736305
1966-04-16T00:00:00Z,1966,"Anchovy, Northern",All,12782196
1966-05-16T00:00:00Z,1966,"Anchovy, Northern",All,352188
1966-06-16T00:00:00Z,1966,"Anchovy, Northern",All,565027
1966-07-16T00:00:00Z,1966,"Anchovy, Northern",All,366978
1966-08-16T00:00:00Z,1966,"Anchovy, Northern",All,1588675
1966-09-16T00:00:00Z,1966,"Anchovy, Northern",All,450348
1966-10-16T00:00:00Z,1966,"Anchovy, Northern",All,6321444
1966-11-16T00:00:00Z,1966,"Anchovy, Northern",All,5521020
1966-12-16T00:00:00Z,1966,"Anchovy, Northern",All,12392670
1967-01-16T00:00:00Z,1967,"Anchovy, Northern",All,22780040
1967-02-16T00:00:00Z,1967,"Anchovy, Northern",All,14005110
1967-03-16T00:00:00Z,1967,"Anchovy, Northern",All,12013114
1967-04-16T00:00:00Z,1967,"Anchovy, Northern",All,6344405
1967-05-16T00:00:00Z,1967,"Anchovy, Northern",All,325195
1967-06-16T00:00:00Z,1967,"Anchovy, Northern",All,268670
1967-07-16T00:00:00Z,1967,"Anchovy, Northern",All,283170
1967-08-16T00:00:00Z,1967,"Anchovy, Northern",All,792295
1967-09-16T00:00:00Z,1967,"Anchovy, Northern",All,729159
1967-10-16T00:00:00Z,1967,"Anchovy, Northern",All,5906709
1967-11-16T00:00:00Z,1967,"Anchovy, Northern",All,2503350
1967-12-16T00:00:00Z,1967,"Anchovy, Northern",All,3658160
1968-01-16T00:00:00Z,1968,"Anchovy, Northern",All,1992495
1968-02-16T00:00:00Z,1968,"Anchovy, Northern",All,352100
1968-03-16T00:00:00Z,1968,"Anchovy, Northern",All,433415
1968-04-16T00:00:00Z,1968,"Anchovy, Northern",All,1089055
1968-05-16T00:00:00Z,1968,"Anchovy, Northern",All,121720
1968-06-16T00:00:00Z,1968,"Anchovy, Northern",All,225205
1968-07-16T00:00:00Z,1968,"Anchovy, Northern",All,217210
1968-08-16T00:00:00Z,1968,"Anchovy, Northern",All,2143912
1968-09-16T00:00:00Z,1968,"Anchovy, Northern",All,2410335
1968-10-16T00:00:00Z,1968,"Anchovy, Northern",All,5195169
1968-11-16T00:00:00Z,1968,"Anchovy, Northern",All,10436460
1968-12-16T00:00:00Z,1968,"Anchovy, Northern",All,6459040
1969-01-16T00:00:00Z,1969,"Anchovy, Northern",All,2873470
1969-02-16T00:00:00Z,1969,"Anchovy, Northern",All,763158
1969-03-16T00:00:00Z,1969,"Anchovy, Northern",All,3626558
1969-04-16T00:00:00Z,1969,"Anchovy, Northern",All,16201749
1969-05-16T00:00:00Z,1969,"Anchovy, Northern",All,8348383
1969-06-16T00:00:00Z,1969,"Anchovy, Northern",All,73666
1969-07-16T00:00:00Z,1969,"Anchovy, Northern",All,138480
1969-08-16T00:00:00Z,1969,"Anchovy, Northern",All,2193487
1969-09-16T00:00:00Z,1969,"Anchovy, Northern",All,5353561
1969-10-16T00:00:00Z,1969,"Anchovy, Northern",All,30841865
1969-11-16T00:00:00Z,1969,"Anchovy, Northern",All,30702740
1969-12-16T00:00:00Z,1969,"Anchovy, Northern",All,34160601
1970-01-16T00:00:00Z,1970,"Anchovy, Northern",All,23439832
1970-02-16T00:00:00Z,1970,"Anchovy, Northern",All,11804456
1970-03-16T00:00:00Z,1970,"Anchovy, Northern",All,16477020
1970-04-16T00:00:00Z,1970,"Anchovy, Northern",All,799938
1970-05-16T00:00:00Z,1970,"Anchovy, Northern",All,16909612
1970-06-16T00:00:00Z,1970,"Anchovy, Northern",All,417658
1970-07-16T00:00:00Z,1970,"Anchovy, Northern",All,818736
1970-08-16T00:00:00Z,1970,"Anchovy, Northern",All,2202187
1970-09-16T00:00:00Z,1970,"Anchovy, Northern",All,17710540
1970-10-16T00:00:00Z,1970,"Anchovy, Northern",All,38589727
1970-11-16T00:00:00Z,1970,"Anchovy, Northern",All,34056143
1970-12-16T00:00:00Z,1970,"Anchovy, Northern",All,29259225
1971-01-16T00:00:00Z,1971,"Anchovy, Northern",All,34279430
1971-02-16T00:00:00Z,1971,"Anchovy, Northern",All,846854
1971-03-16T00:00:00Z,1971,"Anchovy, Northern",All,343994
1971-04-16T00:00:00Z,1971,"Anchovy, Northern",All,913979
1971-05-16T00:00:00Z,1971,"Anchovy, Northern",All,8617264
1971-06-16T00:00:00Z,1971,"Anchovy, Northern",All,256387
1971-07-16T00:00:00Z,1971,"Anchovy, Northern",All,201253
1971-08-16T00:00:00Z,1971,"Anchovy, Northern",All,781206
1971-09-16T00:00:00Z,1971,"Anchovy, Northern",All,2084940
1971-10-16T00:00:00Z,1971,"Anchovy, Northern",All,30601284
1971-11-16T00:00:00Z,1971,"Anchovy, Northern",All,4441205
1971-12-16T00:00:00Z,1971,"Anchovy, Northern",All,6337098
1972-01-16T00:00:00Z,1972,"Anchovy, Northern",All,25337993
1972-02-16T00:00:00Z,1972,"Anchovy, Northern",All,20029208
1972-03-16T00:00:00Z,1972,"Anchovy, Northern",All,5758467
1972-04-16T00:00:00Z,1972,"Anchovy, Northern",All,7840988
1972-05-16T00:00:00Z,1972,"Anchovy, Northern",All,6746236
1972-06-16T00:00:00Z,1972,"Anchovy, Northern",All,887807
1972-07-16T00:00:00Z,1972,"Anchovy, Northern",All,729017
1972-08-16T00:00:00Z,1972,"Anchovy, Northern",All,2115817
1972-09-16T00:00:00Z,1972,"Anchovy, Northern",All,4001562
1972-10-16T00:00:00Z,1972,"Anchovy, Northern",All,25590784
1972-11-16T00:00:00Z,1972,"Anchovy, Northern",All,25934015
1972-12-16T00:00:00Z,1972,"Anchovy, Northern",All,13229628
1973-01-16T00:00:00Z,1973,"Anchovy, Northern",All,188450
1973-02-16T00:00:00Z,1973,"Anchovy, Northern",All,45769
1973-03-16T00:00:00Z,1973,"Anchovy, Northern",All,872006
1973-04-16T00:00:00Z,1973,"Anchovy, Northern",All,45128739
1973-05-16T00:00:00Z,1973,"Anchovy, Northern",All,36660231
1973-06-16T00:00:00Z,1973,"Anchovy, Northern",All,194946
1973-07-16T00:00:00Z,1973,"Anchovy, Northern",All,271275
1973-08-16T00:00:00Z,1973,"Anchovy, Northern",All,8310810
1973-09-16T00:00:00Z,1973,"Anchovy, Northern",All,49223259
1973-10-16T00:00:00Z,1973,"Anchovy, Northern",All,36365840
1973-11-16T00:00:00Z,1973,"Anchovy, Northern",All,44603162
1973-12-16T00:00:00Z,1973,"Anchovy, Northern",All,43407384
1974-01-16T00:00:00Z,1974,"Anchovy, Northern",All,16436023
1974-02-16T00:00:00Z,1974,"Anchovy, Northern",All,26637852
1974-03-16T00:00:00Z,1974,"Anchovy, Northern",All,5271634
1974-04-16T00:00:00Z,1974,"Anchovy, Northern",All,14807777
1974-05-16T00:00:00Z,1974,"Anchovy, Northern",All,332056
1974-06-16T00:00:00Z,1974,"Anchovy, Northern",All,171333
1974-07-16T00:00:00Z,1974,"Anchovy, Northern",All,369035
1974-08-16T00:00:00Z,1974,"Anchovy, Northern",All,2761105
1974-09-16T00:00:00Z,1974,"Anchovy, Northern",All,6328416
1974-10-16T00:00:00Z,1974,"Anchovy, Northern",All,12325395
1974-11-16T00:00:00Z,1974,"Anchovy, Northern",All,50784568
1974-12-16T00:00:00Z,1974,"Anchovy, Northern",All,29208286
1975-01-16T00:00:00Z,1975,"Anchovy, Northern",All,37296554
1975-02-16T00:00:00Z,1975,"Anchovy, Northern",All,19332652
1975-03-16T00:00:00Z,1975,"Anchovy, Northern",All,10024572
1975-04-16T00:00:00Z,1975,"Anchovy, Northern",All,37754322
1975-05-16T00:00:00Z,1975,"Anchovy, Northern",All,33921181
1975-06-16T00:00:00Z,1975,"Anchovy, Northern",All,225256
1975-07-16T00:00:00Z,1975,"Anchovy, Northern",All,322553
1975-08-16T00:00:00Z,1975,"Anchovy, Northern",All,1621373
1975-09-16T00:00:00Z,1975,"Anchovy, Northern",All,33113170
1975-10-16T00:00:00Z,1975,"Anchovy, Northern",All,52000428
1975-11-16T00:00:00Z,1975,"Anchovy, Northern",All,40779370
1975-12-16T00:00:00Z,1975,"Anchovy, Northern",All,50629991
1976-01-16T00:00:00Z,1976,"Anchovy, Northern",All,39704500
1976-02-16T00:00:00Z,1976,"Anchovy, Northern",All,3417096
1976-03-16T00:00:00Z,1976,"Anchovy, Northern",All,23364456
1976-04-16T00:00:00Z,1976,"Anchovy, Northern",All,35770328
1976-05-16T00:00:00Z,1976,"Anchovy, Northern",All,3633770
1976-06-16T00:00:00Z,1976,"Anchovy, Northern",All,254010
1976-07-16T00:00:00Z,1976,"Anchovy, Northern",All,383330
1976-08-16T00:00:00Z,1976,"Anchovy, Northern",All,938500
1976-09-16T00:00:00Z,1976,"Anchovy, Northern",All,15063235
1976-10-16T00:00:00Z,1976,"Anchovy, Northern",All,22127500
1976-11-16T00:00:00Z,1976,"Anchovy, Northern",All,60042632
1976-12-16T00:00:00Z,1976,"Anchovy, Northern",All,45139350
1977-01-16T00:00:00Z,1977,"Anchovy, Northern",All,4845800
1977-02-16T00:00:00Z,1977,"Anchovy, Northern",All,650700
1977-03-16T00:00:00Z,1977,"Anchovy, Northern",All,44176491
1977-04-16T00:00:00Z,1977,"Anchovy, Northern",All,18287738
1977-05-16T00:00:00Z,1977,"Anchovy, Northern",All,3760652
1977-06-16T00:00:00Z,1977,"Anchovy, Northern",All,292450
1977-07-16T00:00:00Z,1977,"Anchovy, Northern",All,315128
1977-08-16T00:00:00Z,1977,"Anchovy, Northern",All,1529195
1977-09-16T00:00:00Z,1977,"Anchovy, Northern",All,21433410
1977-10-16T00:00:00Z,1977,"Anchovy, Northern",All,55345090
1977-11-16T00:00:00Z,1977,"Anchovy, Northern",All,51929250
1977-12-16T00:00:00Z,1977,"Anchovy, Northern",All,20387430
1978-01-16T00:00:00Z,1978,"Anchovy, Northern",All,402816
1978-02-16T00:00:00Z,1978,"Anchovy, Northern",All,60100
1978-03-16T00:00:00Z,1978,"Anchovy, Northern",All,283180
1978-04-16T00:00:00Z,1978,"Anchovy, Northern",All,1230859
1978-05-16T00:00:00Z,1978,"Anchovy, Northern",All,1500309
1978-06-16T00:00:00Z,1978,"Anchovy, Northern",All,882685
1978-07-16T00:00:00Z,1978,"Anchovy, Northern",All,312783
1978-08-16T00:00:00Z,1978,"Anchovy, Northern",All,597310
1978-09-16T00:00:00Z,1978,"Anchovy, Northern",All,5467547
1978-10-16T00:00:00Z,1978,"Anchovy, Northern",All,641503
1978-11-16T00:00:00Z,1978,"Anchovy, Northern",All,7486570
1978-12-16T00:00:00Z,1978,"Anchovy, Northern",All,6348900
1979-01-16T00:00:00Z,1979,"Anchovy, Northern",All,381990
1979-02-16T00:00:00Z,1979,"Anchovy, Northern",All,162772
1979-03-16T00:00:00Z,1979,"Anchovy, Northern",All,227925
1979-04-16T00:00:00Z,1979,"Anchovy, Northern",All,28511389
1979-05-16T00:00:00Z,1979,"Anchovy, Northern",All,47986038
1979-06-16T00:00:00Z,1979,"Anchovy, Northern",All,12910667
1979-07-16T00:00:00Z,1979,"Anchovy, Northern",All,292676
1979-08-16T00:00:00Z,1979,"Anchovy, Northern",All,450660
1979-09-16T00:00:00Z,1979,"Anchovy, Northern",All,4491492
1979-10-16T00:00:00Z,1979,"Anchovy, Northern",All,7695007
1979-11-16T00:00:00Z,1979,"Anchovy, Northern",All,2845796
1979-12-16T00:00:00Z,1979,"Anchovy, Northern",All,1804684
1980-01-16T00:00:00Z,1980,"Anchovy, Northern",All,4448794
1980-02-16T00:00:00Z,1980,"Anchovy, Northern",All,26614
1980-03-16T00:00:00Z,1980,"Anchovy, Northern",All,22323
1980-04-16T00:00:00Z,1980,"Anchovy, Northern",All,17639929
1980-05-16T00:00:00Z,1980,"Anchovy, Northern",All,16520436
1980-06-16T00:00:00Z,1980,"Anchovy, Northern",All,17865094
1980-07-16T00:00:00Z,1980,"Anchovy, Northern",All,462411
1980-08-16T00:00:00Z,1980,"Anchovy, Northern",All,1351181
1980-09-16T00:00:00Z,1980,"Anchovy, Northern",All,1845309
1980-10-16T00:00:00Z,1980,"Anchovy, Northern",All,4224860
1980-11-16T00:00:00Z,1980,"Anchovy, Northern",All,1452830
1980-12-16T00:00:00Z,1980,"Anchovy, Northern",All,28817953
1981-01-16T00:00:00Z,1981,"Anchovy, Northern",All,23690857
1981-02-16T00:00:00Z,1981,"Anchovy, Northern",All,63539
1981-03-16T00:00:00Z,1981,"Anchovy, Northern",All,292748
1981-04-16T00:00:00Z,1981,"Anchovy, Northern",All,27069674
1981-05-16T00:00:00Z,1981,"Anchovy, Northern",All,35197494
1981-06-16T00:00:00Z,1981,"Anchovy, Northern",All,11675627
1981-07-16T00:00:00Z,1981,"Anchovy, Northern",All,384850
1981-08-16T00:00:00Z,1981,"Anchovy, Northern",All,104028
1981-09-16T00:00:00Z,1981,"Anchovy, Northern",All,1586058
1981-10-16T00:00:00Z,1981,"Anchovy, Northern",All,2096244
1981-11-16T00:00:00Z,1981,"Anchovy, Northern",All,8057582
1981-12-16T00:00:00Z,1981,"Anchovy, Northern",All,4664278
1982-01-16T00:00:00Z,1982,"Anchovy, Northern",All,3719798
1982-02-16T00:00:00Z,1982,"Anchovy, Northern",All,17376
1982-03-16T00:00:00Z,1982,"Anchovy, Northern",All,96569
1982-04-16T00:00:00Z,1982,"Anchovy, Northern",All,4576480
1982-05-16T00:00:00Z,1982,"Anchovy, Northern",All,37358263
1982-06-16T00:00:00Z,1982,"Anchovy, Northern",All,39370945
1982-07-16T00:00:00Z,1982,"Anchovy, Northern",All,556461
1982-08-16T00:00:00Z,1982,"Anchovy, Northern",All,1413182
1982-09-16T00:00:00Z,1982,"Anchovy, Northern",All,681927
1982-10-16T00:00:00Z,1982,"Anchovy, Northern",All,3542561
1982-11-16T00:00:00Z,1982,"Anchovy, Northern",All,976865
1982-12-16T00:00:00Z,1982,"Anchovy, Northern",All,613550
1983-01-16T00:00:00Z,1983,"Anchovy, Northern",All,22255
1983-02-16T00:00:00Z,1983,"Anchovy, Northern",All,7082
1983-03-16T00:00:00Z,1983,"Anchovy, Northern",All,530600
1983-04-16T00:00:00Z,1983,"Anchovy, Northern",All,997783
1983-05-16T00:00:00Z,1983,"Anchovy, Northern",All,1171094
1983-06-16T00:00:00Z,1983,"Anchovy, Northern",All,5599609
1983-07-16T00:00:00Z,1983,"Anchovy, Northern",All,278895
1983-08-16T00:00:00Z,1983,"Anchovy, Northern",All,107563
1983-09-16T00:00:00Z,1983,"Anchovy, Northern",All,247578
1983-10-16T00:00:00Z,1983,"Anchovy, Northern",All,166027
1983-11-16T00:00:00Z,1983,"Anchovy, Northern",All,451194
1983-12-16T00:00:00Z,1983,"Anchovy, Northern",All,179520
1984-01-16T00:00:00Z,1984,"Anchovy, Northern",All,175105
1984-02-16T00:00:00Z,1984,"Anchovy, Northern",All,8459
1984-03-16T00:00:00Z,1984,"Anchovy, Northern",All,171194
1984-04-16T00:00:00Z,1984,"Anchovy, Northern",All,1824770
1984-05-16T00:00:00Z,1984,"Anchovy, Northern",All,2353068
1984-06-16T00:00:00Z,1984,"Anchovy, Northern",All,370569
1984-07-16T00:00:00Z,1984,"Anchovy, Northern",All,299531
1984-08-16T00:00:00Z,1984,"Anchovy, Northern",All,128522
1984-09-16T00:00:00Z,1984,"Anchovy, Northern",All,64604
1984-10-16T00:00:00Z,1984,"Anchovy, Northern",All,574164
1984-11-16T00:00:00Z,1984,"Anchovy, Northern",All,291387
1984-12-16T00:00:00Z,1984,"Anchovy, Northern",All,107247
1985-01-16T00:00:00Z,1985,"Anchovy, Northern",All,96860
1985-02-16T00:00:00Z,1985,"Anchovy, Northern",All,124823
1985-03-16T00:00:00Z,1985,"Anchovy, Northern",All,52203
1985-04-16T00:00:00Z,1985,"Anchovy, Northern",All,64958
1985-05-16T00:00:00Z,1985,"Anchovy, Northern",All,154584
1985-06-16T00:00:00Z,1985,"Anchovy, Northern",All,114913
1985-07-16T00:00:00Z,1985,"Anchovy, Northern",All,249282
1985-08-16T00:00:00Z,1985,"Anchovy, Northern",All,253992
1985-09-16T00:00:00Z,1985,"Anchovy, Northern",All,263587
1985-10-16T00:00:00Z,1985,"Anchovy, Northern",All,144658
1985-11-16T00:00:00Z,1985,"Anchovy, Northern",All,1181525
1985-12-16T00:00:00Z,1985,"Anchovy, Northern",All,883180
1986-01-16T00:00:00Z,1986,"Anchovy, Northern",All,14363
1986-02-16T00:00:00Z,1986,"Anchovy, Northern",All,5540
1986-03-16T00:00:00Z,1986,"Anchovy, Northern",All,15155
1986-04-16T00:00:00Z,1986,"Anchovy, Northern",All,129064
1986-05-16T00:00:00Z,1986,"Anchovy, Northern",All,1423440
1986-06-16T00:00:00Z,1986,"Anchovy, Northern",All,637190
1986-07-16T00:00:00Z,1986,"Anchovy, Northern",All,304470
1986-08-16T00:00:00Z,1986,"Anchovy, Northern",All,530126
1986-09-16T00:00:00Z,1986,"Anchovy, Northern",All,286094
1986-10-16T00:00:00Z,1986,"Anchovy, Northern",All,27864
1986-11-16T00:00:00Z,1986,"Anchovy, Northern",All,6523
1986-12-16T00:00:00Z,1986,"Anchovy, Northern",All,4950
1987-01-16T00:00:00Z,1987,"Anchovy, Northern",All,35875
1987-02-16T00:00:00Z,1987,"Anchovy, Northern",All,67365
1987-03-16T00:00:00Z,1987,"Anchovy, Northern",All,74568
1987-04-16T00:00:00Z,1987,"Anchovy, Northern",All,478662
1987-05-16T00:00:00Z,1987,"Anchovy, Northern",All,241147
1987-06-16T00:00:00Z,1987,"Anchovy, Northern",All,186604
1987-07-16T00:00:00Z,1987,"Anchovy, Northern",All,314429
1987-08-16T00:00:00Z,1987,"Anchovy, Northern",All,346091
1987-09-16T00:00:00Z,1987,"Anchovy, Northern",All,353607
1987-10-16T00:00:00Z,1987,"Anchovy, Northern",All,470887
1987-11-16T00:00:00Z,1987,"Anchovy, Northern",All,423126
1987-12-16T00:00:00Z,1987,"Anchovy, Northern",All,71323
1988-01-16T00:00:00Z,1988,"Anchovy, Northern",All,16400
1988-02-16T00:00:00Z,1988,"Anchovy, Northern",All,116961
1988-03-16T00:00:00Z,1988,"Anchovy, Northern",All,141369
1988-04-16T00:00:00Z,1988,"Anchovy, Northern",All,237163
1988-05-16T00:00:00Z,1988,"Anchovy, Northern",All,642385
1988-06-16T00:00:00Z,1988,"Anchovy, Northern",All,345226
1988-07-16T00:00:00Z,1988,"Anchovy, Northern",All,476711
1988-08-16T00:00:00Z,1988,"Anchovy, Northern",All,407950
1988-09-16T00:00:00Z,1988,"Anchovy, Northern",All,89436
1988-10-16T00:00:00Z,1988,"Anchovy, Northern",All,333215
1988-11-16T00:00:00Z,1988,"Anchovy, Northern",All,384685
1988-12-16T00:00:00Z,1988,"Anchovy, Northern",All,66553
1989-01-16T00:00:00Z,1989,"Anchovy, Northern",All,5611
1989-02-16T00:00:00Z,1989,"Anchovy, Northern",All,87346
1989-03-16T00:00:00Z,1989,"Anchovy, Northern",All,101389
1989-04-16T00:00:00Z,1989,"Anchovy, Northern",All,421088
1989-05-16T00:00:00Z,1989,"Anchovy, Northern",All,419227
1989-06-16T00:00:00Z,1989,"Anchovy, Northern",All,974547
1989-07-16T00:00:00Z,1989,"Anchovy, Northern",All,911084
1989-08-16T00:00:00Z,1989,"Anchovy, Northern",All,1115854
1989-09-16T00:00:00Z,1989,"Anchovy, Northern",All,434373
1989-10-16T00:00:00Z,1989,"Anchovy, Northern",All,58633
1989-11-16T00:00:00Z,1989,"Anchovy, Northern",All,370825
1989-12-16T00:00:00Z,1989,"Anchovy, Northern",All,499849
1990-01-16T00:00:00Z,1990,"Anchovy, Northern",All,41907
1990-02-16T00:00:00Z,1990,"Anchovy, Northern",All,39742
1990-03-16T00:00:00Z,1990,"Anchovy, Northern",All,323109
1990-04-16T00:00:00Z,1990,"Anchovy, Northern",All,951668
1990-05-16T00:00:00Z,1990,"Anchovy, Northern",All,1550644
1990-06-16T00:00:00Z,1990,"Anchovy, Northern",All,947454
1990-07-16T00:00:00Z,1990,"Anchovy, Northern",All,875193
1990-08-16T00:00:00Z,1990,"Anchovy, Northern",All,1124785
1990-09-16T00:00:00Z,1990,"Anchovy, Northern",All,910727
1990-10-16T00:00:00Z,1990,"Anchovy, Northern",All,167780
1990-11-16T00:00:00Z,1990,"Anchovy, Northern",All,95184
1990-12-16T00:00:00Z,1990,"Anchovy, Northern",All,44923
1991-01-16T00:00:00Z,1991,"Anchovy, Northern",All,24680
1991-02-16T00:00:00Z,1991,"Anchovy, Northern",All,209774
1991-03-16T00:00:00Z,1991,"Anchovy, Northern",All,54015
1991-04-16T00:00:00Z,1991,"Anchovy, Northern",All,1188401
1991-05-16T00:00:00Z,1991,"Anchovy, Northern",All,3061423
1991-06-16T00:00:00Z,1991,"Anchovy, Northern",All,1447784
1991-07-16T00:00:00Z,1991,"Anchovy, Northern",All,1132589
1991-08-16T00:00:00Z,1991,"Anchovy, Northern",All,691975
1991-09-16T00:00:00Z,1991,"Anchovy, Northern",All,397161
1991-10-16T00:00:00Z,1991,"Anchovy, Northern",All,306663
1991-11-16T00:00:00Z,1991,"Anchovy, Northern",All,281010
1991-12-16T00:00:00Z,1991,"Anchovy, Northern",All,53330
1992-01-16T00:00:00Z,1992,"Anchovy, Northern",All,52127
1992-02-16T00:00:00Z,1992,"Anchovy, Northern",All,120060
1992-03-16T00:00:00Z,1992,"Anchovy, Northern",All,102325
1992-04-16T00:00:00Z,1992,"Anchovy, Northern",All,241025
1992-05-16T00:00:00Z,1992,"Anchovy, Northern",All,309335
1992-06-16T00:00:00Z,1992,"Anchovy, Northern",All,637551
1992-07-16T00:00:00Z,1992,"Anchovy, Northern",All,303428
1992-08-16T00:00:00Z,1992,"Anchovy, Northern",All,345895
1992-09-16T00:00:00Z,1992,"Anchovy, Northern",All,40944
1992-10-16T00:00:00Z,1992,"Anchovy, Northern",All,105866
1992-11-16T00:00:00Z,1992,"Anchovy, Northern",All,127717
1992-12-16T00:00:00Z,1992,"Anchovy, Northern",All,91530
1993-01-16T00:00:00Z,1993,"Anchovy, Northern",All,0
1993-02-16T00:00:00Z,1993,"Anchovy, Northern",All,45515
1993-03-16T00:00:00Z,1993,"Anchovy, Northern",All,328152
1993-04-16T00:00:00Z,1993,"Anchovy, Northern",All,481694
1993-05-16T00:00:00Z,1993,"Anchovy, Northern",All,1114529
1993-06-16T00:00:00Z,1993,"Anchovy, Northern",All,234477
1993-07-16T00:00:00Z,1993,"Anchovy, Northern",All,493343
1993-08-16T00:00:00Z,1993,"Anchovy, Northern",All,938805
1993-09-16T00:00:00Z,1993,"Anchovy, Northern",All,294808
1993-10-16T00:00:00Z,1993,"Anchovy, Northern",All,206027
1993-11-16T00:00:00Z,1993,"Anchovy, Northern",All,2565
1993-12-16T00:00:00Z,1993,"Anchovy, Northern",All,175765
1994-01-16T00:00:00Z,1994,"Anchovy, Northern",All,95407
1994-02-16T00:00:00Z,1994,"Anchovy, Northern",All,32203
1994-03-16T00:00:00Z,1994,"Anchovy, Northern",All,17195
1994-04-16T00:00:00Z,1994,"Anchovy, Northern",All,151773
1994-05-16T00:00:00Z,1994,"Anchovy, Northern",All,595102
1994-06-16T00:00:00Z,1994,"Anchovy, Northern",All,594911
1994-07-16T00:00:00Z,1994,"Anchovy, Northern",All,843218
1994-08-16T00:00:00Z,1994,"Anchovy, Northern",All,829947
1994-09-16T00:00:00Z,1994,"Anchovy, Northern",All,675850
1994-10-16T00:00:00Z,1994,"Anchovy, Northern",All,33471
1994-11-16T00:00:00Z,1994,"Anchovy, Northern",All,29300
1994-12-16T00:00:00Z,1994,"Anchovy, Northern",All,36100
1995-01-16T00:00:00Z,1995,"Anchovy, Northern",All,19600
1995-02-16T00:00:00Z,1995,"Anchovy, Northern",All,23700
1995-03-16T00:00:00Z,1995,"Anchovy, Northern",All,31720
1995-04-16T00:00:00Z,1995,"Anchovy, Northern",All,637209
1995-05-16T00:00:00Z,1995,"Anchovy, Northern",All,459709
1995-06-16T00:00:00Z,1995,"Anchovy, Northern",All,1213080
1995-07-16T00:00:00Z,1995,"Anchovy, Northern",All,697897
1995-08-16T00:00:00Z,1995,"Anchovy, Northern",All,358631
1995-09-16T00:00:00Z,1995,"Anchovy, Northern",All,358942
1995-10-16T00:00:00Z,1995,"Anchovy, Northern",All,263661
1995-11-16T00:00:00Z,1995,"Anchovy, Northern",All,69125
1995-12-16T00:00:00Z,1995,"Anchovy, Northern",All,24640
1996-01-16T00:00:00Z,1996,"Anchovy, Northern",All,58602
1996-02-16T00:00:00Z,1996,"Anchovy, Northern",All,91600
1996-03-16T00:00:00Z,1996,"Anchovy, Northern",All,110536
1996-04-16T00:00:00Z,1996,"Anchovy, Northern",All,1568503
1996-05-16T00:00:00Z,1996,"Anchovy, Northern",All,3214920
1996-06-16T00:00:00Z,1996,"Anchovy, Northern",All,2285886
1996-07-16T00:00:00Z,1996,"Anchovy, Northern",All,225552
1996-08-16T00:00:00Z,1996,"Anchovy, Northern",All,528800
1996-09-16T00:00:00Z,1996,"Anchovy, Northern",All,1301565
1996-10-16T00:00:00Z,1996,"Anchovy, Northern",All,176241
1996-11-16T00:00:00Z,1996,"Anchovy, Northern",All,89307
1996-12-16T00:00:00Z,1996,"Anchovy, Northern",All,86612
1997-01-16T00:00:00Z,1997,"Anchovy, Northern",All,32720
1997-02-16T00:00:00Z,1997,"Anchovy, Northern",All,5279
1997-03-16T00:00:00Z,1997,"Anchovy, Northern",All,240185
1997-04-16T00:00:00Z,1997,"Anchovy, Northern",All,1798642
1997-05-16T00:00:00Z,1997,"Anchovy, Northern",All,4601295
1997-06-16T00:00:00Z,1997,"Anchovy, Northern",All,2304327
1997-07-16T00:00:00Z,1997,"Anchovy, Northern",All,1175715
1997-08-16T00:00:00Z,1997,"Anchovy, Northern",All,948122
1997-09-16T00:00:00Z,1997,"Anchovy, Northern",All,1303020
1997-10-16T00:00:00Z,1997,"Anchovy, Northern",All,115834
1997-11-16T00:00:00Z,1997,"Anchovy, Northern",All,54591
1997-12-16T00:00:00Z,1997,"Anchovy, Northern",All,23700
1998-01-16T00:00:00Z,1998,"Anchovy, Northern",All,8050
1998-02-16T00:00:00Z,1998,"Anchovy, Northern",All,0
1998-03-16T00:00:00Z,1998,"Anchovy, Northern",All,420
1998-04-16T00:00:00Z,1998,"Anchovy, Northern",All,255874
1998-05-16T00:00:00Z,1998,"Anchovy, Northern",All,870533
1998-06-16T00:00:00Z,1998,"Anchovy, Northern",All,343526
1998-07-16T00:00:00Z,1998,"Anchovy, Northern",All,300662
1998-08-16T00:00:00Z,1998,"Anchovy, Northern",All,728413
1998-09-16T00:00:00Z,1998,"Anchovy, Northern",All,489712
1998-10-16T00:00:00Z,1998,"Anchovy, Northern",All,83228
1998-11-16T00:00:00Z,1998,"Anchovy, Northern",All,86501
1998-12-16T00:00:00Z,1998,"Anchovy, Northern",All,45626
1999-01-16T00:00:00Z,1999,"Anchovy, Northern",All,297386
1999-02-16T00:00:00Z,1999,"Anchovy, Northern",All,927375
1999-03-16T00:00:00Z,1999,"Anchovy, Northern",All,1371485
1999-04-16T00:00:00Z,1999,"Anchovy, Northern",All,351476
1999-05-16T00:00:00Z,1999,"Anchovy, Northern",All,726559
1999-06-16T00:00:00Z,1999,"Anchovy, Northern",All,475716
1999-07-16T00:00:00Z,1999,"Anchovy, Northern",All,979866
1999-08-16T00:00:00Z,1999,"Anchovy, Northern",All,2615138
1999-09-16T00:00:00Z,1999,"Anchovy, Northern",All,681331
1999-10-16T00:00:00Z,1999,"Anchovy, Northern",All,1115733
1999-11-16T00:00:00Z,1999,"Anchovy, Northern",All,713542
1999-12-16T00:00:00Z,1999,"Anchovy, Northern",All,1178407
2000-01-16T00:00:00Z,2000,"Anchovy, Northern",All,2994034
2000-02-16T00:00:00Z,2000,"Anchovy, Northern",All,1465457
2000-03-16T00:00:00Z,2000,"Anchovy, Northern",All,1859059
2000-04-16T00:00:00Z,2000,"Anchovy, Northern",All,2635906
2000-05-16T00:00:00Z,2000,"Anchovy, Northern",All,1588518
2000-06-16T00:00:00Z,2000,"Anchovy, Northern",All,2284707
2000-07-16T00:00:00Z,2000,"Anchovy, Northern",All,1078721
2000-08-16T00:00:00Z,2000,"Anchovy, Northern",All,817642
2000-09-16T00:00:00Z,2000,"Anchovy, Northern",All,540022
2000-10-16T00:00:00Z,2000,"Anchovy, Northern",All,649284
2000-11-16T00:00:00Z,2000,"Anchovy, Northern",All,7544530
2000-12-16T00:00:00Z,2000,"Anchovy, Northern",All,2450507
2001-01-16T00:00:00Z,2001,"Anchovy, Northern",All,5192880
2001-02-16T00:00:00Z,2001,"Anchovy, Northern",All,3711983
2001-03-16T00:00:00Z,2001,"Anchovy, Northern",All,530301
2001-04-16T00:00:00Z,2001,"Anchovy, Northern",All,12009087
2001-05-16T00:00:00Z,2001,"Anchovy, Northern",All,14815154
2001-06-16T00:00:00Z,2001,"Anchovy, Northern",All,755705
2001-07-16T00:00:00Z,2001,"Anchovy, Northern",All,806799
2001-08-16T00:00:00Z,2001,"Anchovy, Northern",All,2642257
2001-09-16T00:00:00Z,2001,"Anchovy, Northern",All,1094666
2001-10-16T00:00:00Z,2001,"Anchovy, Northern",All,443475
2001-11-16T00:00:00Z,2001,"Anchovy, Northern",All,119558
2001-12-16T00:00:00Z,2001,"Anchovy, Northern",All,187749
2002-01-16T00:00:00Z,2002,"Anchovy, Northern",All,133405
2002-02-16T00:00:00Z,2002,"Anchovy, Northern",All,2593369
2002-03-16T00:00:00Z,2002,"Anchovy, Northern",All,1627994
2002-04-16T00:00:00Z,2002,"Anchovy, Northern",All,1115469
2002-05-16T00:00:00Z,2002,"Anchovy, Northern",All,693254
2002-06-16T00:00:00Z,2002,"Anchovy, Northern",All,481718
2002-07-16T00:00:00Z,2002,"Anchovy, Northern",All,774718
2002-08-16T00:00:00Z,2002,"Anchovy, Northern",All,976197
2002-09-16T00:00:00Z,2002,"Anchovy, Northern",All,1311764
2002-10-16T00:00:00Z,2002,"Anchovy, Northern",All,368462
2002-11-16T00:00:00Z,2002,"Anchovy, Northern",All,78428
2002-12-16T00:00:00Z,2002,"Anchovy, Northern",All,82060
